deadline_h,parallelism,interval,makespan_h,overhead_phi,pue,grid_energy_mwh,carbon_const_030_t,carbon_diel_030_t,carbon_qhd_015_t,carbon_coal_060_t
2.0,512,1000,1.219800964369924,0.048664709667277775,1.1490311306457195,14.329366441379019,4.298809932413706,4.953003701266543,2.856572182667583,10.01195429774887
2.5,512,1000,1.219800964369924,0.048664709667277775,1.1490311306457195,14.329366441379019,4.298809932413706,4.953003701266543,2.856572182667583,10.01195429774887
3.0,512,1000,1.219800964369924,0.048664709667277775,1.1490311306457195,14.329366441379019,4.298809932413706,4.953003701266543,2.856572182667583,10.01195429774887
4.0,512,1000,1.219800964369924,0.048664709667277775,1.1490311306457195,14.329366441379019,4.298809932413706,4.953003701266543,2.856572182667583,10.01195429774887
6.0,512,1000,1.219800964369924,0.048664709667277775,1.1490311306457195,14.329366441379019,4.298809932413706,4.953003701266543,2.856572182667583,10.01195429774887
9.0,512,1000,1.219800964369924,0.048664709667277775,1.1490311306457195,14.329366441379019,4.298809932413706,4.953003701266543,2.856572182667583,10.01195429774887
13.0,512,1000,1.219800964369924,0.048664709667277775,1.1490311306457195,14.329366441379019,4.298809932413706,4.953003701266543,2.856572182667583,10.01195429774887
18.0,512,1000,1.219800964369924,0.048664709667277775,1.1490311306457195,14.329366441379019,4.298809932413706,4.953003701266543,2.856572182667583,10.01195429774887
21.0,512,1000,1.219800964369924,0.048664709667277775,1.1490311306457195,14.329366441379019,4.298809932413706,4.953003701266543,2.856572182667583,10.01195429774887
